[
    {
        "nome": "Gabriela",
        "imagem": "Gabriela.png"
    },
    {
        "nome": "Esdras",
        "imagem": "Esdras.png"
    },
    {
        "nome": "Franks",
        "imagem": "Franks.png"
    },
    {
        "nome": "Mauro",
        "imagem": "mauro.jpg"
    }

    {
        "src": "https://blogger.googleusercontent.com/img/b/R29vZ2xl/AVvXsEh-FUdWTSc8g-Zc29e2MP-FIjyekk5bki6VFjTPej-PnMWulrURaf_V_iIEr_SEYTRJaVofEYbuwsv7GPhy1M0sAUAfXBZzuzxJOqVGgMiY_iIKq_lxsDfo0DVpGLuL_rmKHXiuv2RjHuP6/s1600/gequipe1.jpg",
        "alt": "Primeiro slide"
    },
    {
        "src": "https://portaleducacao.vteximg.com.br/arquivos/ids/157376/curso-online-dinamicas-de-grupo.jpg?v=636573227268270000",
        "alt": "Segundo slide"
    },
    {
        "src": "https://lh4.googleusercontent.com/proxy/iiHK0Uqp9tmHR-jHj5TX9yZJxtAVAe3wanJ20IhhTzP6osxlLZTYvPO5Fq46by78t3sDageIX5WYMgOwa9a3ZSkIlvnswDBITB4gtRdrLzc3RcAbpcc",
        "alt": "Terceiro slide"
    },
    {
        "src": "https://i.gifer.com/9lOK.gif",
        "alt": "Quarto slide"
    },
    {
        "src": "https://i.pinimg.com/originals/95/bd/2e/95bd2ebefd51d16d55eb578d3ae469c7.gif",
        "alt": "Quinto slide"
    }
]
